{
    "total_runtime": 37572.62960553169,
    "num_documents": 92,
    "input_load_time": 0,
    "workflows": {
        "create_base_text_units": {
            "overall": 1.2189269065856934,
            "0_orderby": 0.002635955810546875,
            "1_zip": 0.002953767776489258,
            "2_aggregate_override": 0.005730628967285156,
            "3_chunk": 1.032367467880249,
            "4_select": 0.0035486221313476562,
            "5_unroll": 0.0055005550384521484,
            "6_rename": 0.003734111785888672,
            "7_genid": 0.089141845703125,
            "8_unzip": 0.0060040950775146484,
            "9_copy": 0.003935337066650391,
            "10_filter": 0.0612940788269043
        },
        "create_base_extracted_entities": {
            "overall": 20183.61420893669,
            "0_entity_extract": 20140.688460350037,
            "1_snapshot": 1.2467923164367676,
            "2_merge_graphs": 41.63824272155762,
            "3_snapshot_rows": 0.03556036949157715
        },
        "create_summarized_entities": {
            "overall": 4225.851406574249,
            "0_summarize_descriptions": 4225.804333925247,
            "1_snapshot_rows": 0.03982853889465332
        },
        "create_base_entity_graph": {
            "overall": 11.497766733169556,
            "0_cluster_graph": 11.273864507675171,
            "1_snapshot_rows": 0.10016274452209473,
            "2_snapshot_rows": 0.08375096321105957,
            "3_select": 0.02225518226623535
        },
        "create_final_entities": {
            "overall": 87.91624855995178,
            "0_unpack_graph": 5.192129611968994,
            "1_rename": 0.013788461685180664,
            "2_select": 0.014827966690063477,
            "3_dedupe": 0.019281387329101562,
            "4_rename": 0.009851455688476562,
            "5_filter": 0.1524357795715332,
            "6_text_split": 0.14226627349853516,
            "7_drop": 0.010776758193969727,
            "8_merge": 1.949314832687378,
            "9_text_embed": 80.19442629814148,
            "10_drop": 0.013580799102783203,
            "11_filter": 0.19225239753723145
        },
        "create_final_nodes": {
            "overall": 32.03624892234802,
            "0_layout_graph": 17.914074420928955,
            "1_unpack_graph": 6.577840805053711,
            "2_unpack_graph": 6.495712041854858,
            "3_filter": 0.7532317638397217,
            "4_drop": 0.02052927017211914,
            "5_select": 0.012763738632202148,
            "6_rename": 0.012619256973266602,
            "7_convert": 0.04383397102355957,
            "8_join": 0.1396636962890625,
            "9_rename": 0.03990936279296875
        },
        "create_final_communities": {
            "overall": 22.302390575408936,
            "0_unpack_graph": 5.704890012741089,
            "1_unpack_graph": 6.243766784667969,
            "2_aggregate_override": 0.03224301338195801,
            "3_join": 0.5188796520233154,
            "4_join": 0.4241957664489746,
            "5_concat": 0.058745622634887695,
            "6_filter": 8.563603639602661,
            "7_aggregate_override": 0.34645748138427734,
            "8_join": 0.022295236587524414,
            "9_filter": 0.0707857608795166,
            "10_fill": 0.015748023986816406,
            "11_merge": 0.21555519104003906,
            "12_copy": 0.016007661819458008,
            "13_select": 0.016558408737182617
        },
        "join_text_units_to_entity_ids": {
            "overall": 0.3134291172027588,
            "0_select": 0.029826641082763672,
            "1_unroll": 0.039011240005493164,
            "2_aggregate_override": 0.19924235343933105
        },
        "create_final_relationships": {
            "overall": 6.693486213684082,
            "0_unpack_graph": 4.972100019454956,
            "1_filter": 0.856285572052002,
            "2_rename": 0.03049325942993164,
            "3_filter": 0.5968074798583984,
            "4_drop": 0.019532203674316406,
            "5_compute_edge_combined_degree": 0.09464168548583984,
            "6_convert": 0.04903078079223633,
            "7_convert": 0.024445056915283203
        },
        "join_text_units_to_relationship_ids": {
            "overall": 0.1910381317138672,
            "0_select": 0.020592212677001953,
            "1_unroll": 0.02992105484008789,
            "2_aggregate_override": 0.10019803047180176,
            "3_select": 0.020607948303222656
        },
        "create_final_community_reports": {
            "overall": 12990.02133154869,
            "0_prepare_community_reports_nodes": 0.5474653244018555,
            "1_prepare_community_reports_edges": 0.12876462936401367,
            "2_restore_community_hierarchy": 0.37933945655822754,
            "3_prepare_community_reports": 6.868779897689819,
            "4_create_community_reports": 12981.992051362991,
            "5_window": 0.034540414810180664
        },
        "create_final_text_units": {
            "overall": 0.24045825004577637,
            "0_select": 0.03450512886047363,
            "1_rename": 0.024843215942382812,
            "2_join": 0.033483266830444336,
            "3_join": 0.03387331962585449,
            "4_aggregate_override": 0.030341148376464844,
            "5_select": 0.024002552032470703
        },
        "create_base_documents": {
            "overall": 0.38300514221191406,
            "0_unroll": 0.036922454833984375,
            "1_select": 0.024684429168701172,
            "2_rename": 0.05071592330932617,
            "3_join": 0.07451772689819336,
            "4_aggregate_override": 0.030153751373291016,
            "5_join": 0.029721498489379883,
            "6_rename": 0.02552056312561035,
            "7_convert": 0.07826709747314453
        },
        "create_final_documents": {
            "overall": 0.05425310134887695,
            "0_rename": 0.028124332427978516
        }
    }
}